{"stats":{"minecraft:mined":{"minecraft:acacia_log":5,"minecraft:stone":6},"minecraft:picked_up":{"minecraft:cactus":2,"minecraft:acacia_log":5,"minecraft:cobblestone":6},"minecraft:custom":{"minecraft:time_since_rest":3518,"minecraft:play_one_minute":4514,"minecraft:crouch_one_cm":755,"minecraft:sprint_one_cm":8234,"minecraft:walk_one_cm":4096,"minecraft:damage_taken":260,"minecraft:deaths":1,"minecraft:sneak_time":201,"minecraft:jump":47,"minecraft:leave_game":2,"minecraft:time_since_death":3452,"minecraft:interact_with_crafting_table":4,"minecraft:fall_one_cm":1045,"minecraft:fly_one_cm":8071},"minecraft:used":{"minecraft:cactus":2,"minecraft:wooden_pickaxe":6},"minecraft:crafted":{"minecraft:acacia_planks":20,"minecraft:stone_axe":1,"minecraft:stick":8,"minecraft:wooden_pickaxe":1,"minecraft:stone_pickaxe":1,"minecraft:wooden_axe":1}},"DataVersion":2586}