{"stats":{"minecraft:mined":{"minecraft:cactus":7,"minecraft:crafting_table":1,"minecraft:acacia_log":7,"minecraft:oak_log":4,"minecraft:grass_block":1,"minecraft:coal_ore":78,"minecraft:sand":6,"minecraft:tall_grass":3,"minecraft:stone":17,"minecraft:oak_leaves":2},"minecraft:picked_up":{"minecraft:crafting_table":1,"minecraft:acacia_log":7,"minecraft:wooden_pickaxe":1,"minecraft:sand":5,"minecraft:oak_log":4,"minecraft:dirt":1,"minecraft:cactus":9,"minecraft:wheat_seeds":1,"minecraft:coal":78,"minecraft:cobblestone":17},"minecraft:custom":{"minecraft:time_since_rest":11136,"minecraft:sprint_one_cm":6816,"minecraft:walk_one_cm":22581,"minecraft:drop":2,"minecraft:interact_with_crafting_table":2,"minecraft:fly_one_cm":6015,"minecraft:crouch_one_cm":9368,"minecraft:play_one_minute":11136,"minecraft:sneak_time":3023,"minecraft:jump":50,"minecraft:leave_game":1,"minecraft:time_since_death":11136,"minecraft:fall_one_cm":2061},"minecraft:used":{"minecraft:stone_pickaxe":75,"minecraft:cactus":9,"minecraft:wooden_pickaxe":20,"minecraft:stone_axe":1,"minecraft:torch":2,"minecraft:crafting_table":1},"minecraft:crafted":{"minecraft:oak_planks":16,"minecraft:crafting_table":1,"minecraft:stick":20,"minecraft:wooden_pickaxe":1,"minecraft:stone_pickaxe":3,"minecraft:wooden_axe":1,"minecraft:acacia_planks":28,"minecraft:torch":32,"minecraft:stone_axe":1},"minecraft:dropped":{"minecraft:wheat_seeds":1,"minecraft:wooden_pickaxe":1}},"DataVersion":2586}