{"stats":{"minecraft:custom":{"minecraft:mob_kills":8,"minecraft:damage_dealt_resisted":605,"minecraft:time_since_death":3805,"minecraft:climb_one_cm":582,"minecraft:time_since_rest":2298,"minecraft:damage_taken":897,"minecraft:sprint_one_cm":21712,"minecraft:walk_one_cm":74467,"minecraft:drop":2,"minecraft:damage_dealt":3111,"minecraft:swim_one_cm":250,"minecraft:fly_one_cm":205371,"minecraft:crouch_one_cm":333,"minecraft:play_time":51154,"minecraft:deaths":2,"tombstone:undead_killed":4,"minecraft:sneak_time":466,"minecraft:walk_under_water_one_cm":24,"minecraft:jump":423,"minecraft:walk_on_water_one_cm":4963,"minecraft:total_world_time":51154,"minecraft:fall_one_cm":9699},"minecraft:picked_up":{"minecraft:charcoal":4,"born_in_chaos_v1:infernal_evil_pumpkin":1,"born_in_chaos_v1:monster_flesh":1,"minecraft:dirt":2,"minecraft:flint_and_steel":1,"born_in_chaos_v1:monster_skin":2,"born_in_chaos_v1:intoxicating_decoction":2,"minecraft:bone":10,"minecraft:wheat_seeds":1,"minecraft:iron_ingot":1,"minecraft:poppy":1,"minecraft:sugar_cane":2,"born_in_chaos_v1:shattered_skull":2,"born_in_chaos_v1:ethereal_spirit":1,"minecraft:porkchop":4,"minecraft:cookie":10,"born_in_chaos_v1:pieceofdarkmetal":4,"quark:pink_stool":1,"minecraft:rotten_flesh":6},"minecraft:used":{"eeeabsmobs:guling_sentinel_egg":1,"born_in_chaos_v1:supreme_bonescaller_not_despawn_spawn_egg":1,"endermanoverhaul:soulsand_valley_enderman_spawn_egg":1,"minecraft:flint_and_steel":8,"endermanoverhaul:crimson_forest_enderman_spawn_egg":2,"born_in_chaos_v1:ethereal_spirit":5,"endermanoverhaul:cave_enderman_spawn_egg":1,"endermanoverhaul:warped_forest_enderman_spawn_egg":1,"endermanoverhaul:windswept_hills_enderman_spawn_egg":1,"minecraft:sniffer_egg":1,"eeeabsmobs:corpse_warlock_egg":1,"eeeabsmobs:immortal_shaman_egg":2,"endermanoverhaul:flower_fields_enderman_spawn_egg":1,"born_in_chaos_v1:firelight_not_despawn_spawn_egg":2,"endermanoverhaul:spirit_spawn_egg":13,"endermanoverhaul:nether_wastes_enderman_spawn_egg":1,"minecraft:dirt":1,"endermanoverhaul:savanna_enderman_spawn_egg":1,"endermanoverhaul:dark_oak_enderman_spawn_egg":1,"endermanoverhaul:mushroom_fields_enderman_spawn_egg":1,"endermanoverhaul:snowy_enderman_spawn_egg":1,"quark:pink_stool":1,"born_in_chaos_v1:bonescaller_not_despawn_spawn_egg":1,"endermanoverhaul:swamp_enderman_spawn_egg":1,"endermanoverhaul:coral_enderman_spawn_egg":1,"endermanoverhaul:badlands_enderman_spawn_egg":1,"cataclysm:infernal_forge":31,"born_in_chaos_v1:dread_hound_not_despawn_spawn_egg":19,"born_in_chaos_v1:infernal_evil_pumpkin":3,"eeeabsmobs:immortal_knight_egg":2,"eeeabsmobs:immortal_boss_egg":3,"endermanoverhaul:scarab_spawn_egg":3,"endermanoverhaul:desert_enderman_spawn_egg":1,"quark:pickarang":91,"endermanoverhaul:ice_spikes_enderman_spawn_egg":1,"eeeabsmobs:tester_egg":3,"endermanoverhaul:end_enderman_spawn_egg":1,"eeeabsmobs:immortal_golem_egg":1,"earthmobsmod:carved_melon_shoot":1,"quark:crab_bucket":1,"endermanoverhaul:end_islands_enderman_spawn_egg":1,"eeeabsmobs:guling_sentinel_heavy_egg":1,"eeeabsmobs:immortal_skeleton_egg":2,"minecraft:porkchop":2,"cataclysm:coral_spear":14,"born_in_chaos_v1:pumpkin_bomb_spawn_egg":15,"born_in_chaos_v1:infernal_spirit_spawn_egg":6,"eeeabsmobs:corpse_villager_egg":3,"tombstone:gift":2,"alexsmobs:animal_dictionary":1,"born_in_chaos_v1:zombie_clown_not_despawn_spawn_egg":1,"minecraft:turtle_egg":8,"eeeabsmobs:corpse_egg":4,"eeeabsmobs:nameless_guardian_egg":3,"born_in_chaos_v1:door_knight_not_despawn_spawn_egg":1,"born_in_chaos_v1:decaying_zombie_not_despawn_spawn_egg":3,"born_in_chaos_v1:skeleton_thrasher_not_despawn_spawn_egg":3},"minecraft:dropped":{"quark:pink_stool":1,"minecraft:flint_and_steel":1},"minecraft:killed":{"luminousworld:firefly":2,"minecraft:pig":2,"born_in_chaos_v1:zombie_bruiser":1,"born_in_chaos_v1:decrepit_skeleton":1,"born_in_chaos_v1:skeleton_thrasher":1,"undead_revamp2:thespitter":1},"minecraft:killed_by":{"endermanoverhaul:nether_wastes_enderman":1},"minecraft:mined":{"minecraft:grass_block":2}},"DataVersion":3465}