{"stats":{"minecraft:custom":{"minecraft:mob_kills":70,"minecraft:interact_with_crafting_table":17,"minecraft:open_barrel":10,"minecraft:bell_ring":6,"minecraft:damage_dealt_resisted":167,"minecraft:leave_game":4,"minecraft:time_since_death":47562,"minecraft:climb_one_cm":8570,"minecraft:sprint_one_cm":348693,"minecraft:walk_one_cm":680812,"minecraft:damage_blocked_by_shield":4440,"minecraft:drop":64,"minecraft:damage_dealt_absorbed":60,"minecraft:talked_to_villager":1,"minecraft:play_time":306418,"minecraft:deaths":43,"minecraft:sneak_time":18240,"minecraft:walk_under_water_one_cm":66022,"minecraft:jump":3278,"minecraft:interact_with_blast_furnace":6,"minecraft:walk_on_water_one_cm":28201,"minecraft:total_world_time":306418,"minecraft:interact_with_furnace":15,"tombstone:raider_killed":14,"minecraft:sleep_in_bed":9,"minecraft:time_since_rest":47079,"minecraft:damage_taken":15400,"minecraft:trigger_trapped_chest":4,"minecraft:damage_dealt":22270,"minecraft:swim_one_cm":88615,"minecraft:fly_one_cm":1478097,"minecraft:open_chest":82,"minecraft:crouch_one_cm":36048,"tombstone:undead_killed":31,"minecraft:interact_with_smoker":10,"minecraft:fall_one_cm":80119},"minecraft:picked_up":{"iceandfire:dread_stone_bricks":20,"minecraft:charcoal":4,"minecraft:crafting_table":2,"minecraft:wheat":5,"minecraft:azure_bluet":6,"illagerinvasion:platinum_chunk":5,"born_in_chaos_v1:river_mint":3,"aether:iron_gloves":1,"minecraft:wooden_pickaxe":2,"minecraft:enchanted_book":1,"minecraft:shield":1,"iceandfire:manuscript":8,"minecraft:string":4,"minecraft:gold_nugget":36,"minecraft:bucket":1,"iceandfire:dread_shard":10,"minecraft:poppy":1,"minecraft:iron_pickaxe":2,"minecraft:furnace":2,"minecraft:raw_iron":9,"iceandfire:dragonbone":62,"minecraft:oak_door":8,"minecraft:copper_ingot":3,"minecraft:torch":9,"minecraft:porkchop":3,"tombstone:grave_dust":11,"minecraft:rabbit_foot":1,"iceandfire:dragon_skull_ice":3,"minecraft:arrow":1,"iceandfire:silver_ingot":3,"minecraft:rotten_flesh":38,"minecraft:beetroot_seeds":3,"minecraft:hay_block":56,"minecraft:gold_ingot":4,"supplementaries:ash":3,"minecraft:mutton":8,"minecraft:snowball":12,"minecraft:skeleton_skull":2,"minecraft:cobblestone":30,"minecraft:water_bucket":5,"minecraft:jungle_log":2,"minecraft:leather":6,"minecraft:golden_leggings":1,"minecraft:smoker":1,"minecraft:oak_log":5,"minecraft:chainmail_chestplate":1,"supplementaries:flax_seeds":3,"iceandfire:ectoplasm":5,"iceandfire:dread_stone_bricks_cracked":17,"minecraft:golden_boots":1,"minecraft:yellow_bed":1,"minecraft:dirt":107,"tombstone:gift":2,"minecraft:bone":44,"minecraft:stone_bricks":2,"minecraft:wheat_seeds":2,"minecraft:rabbit_hide":3,"minecraft:iron_ingot":3,"minecraft:cobweb":13,"minecraft:acacia_sapling":3,"minecraft:iron_sword":2,"minecraft:honeycomb":3,"iceandfire:copper_nugget":28,"minecraft:dandelion":7,"minecraft:white_bed":9,"minecraft:spider_eye":3,"iceandfire:dread_stone_bricks_mossy":8,"luminousworld:snow_poppy":1,"minecraft:grass":2,"minecraft:emerald":8,"minecraft:bread":5,"minecraft:oak_sapling":2,"iceandfire:silver_nugget":20,"minecraft:coal":25,"iceandfire:raw_silver":4},"minecraft:used":{"luminousworld:snow_poppy":1,"sophisticatedbackpacks:iron_backpack":1,"iceandfire:silver_sword":491,"minecraft:flint_and_steel":15,"minecraft:spruce_slab":3,"minecraft:chest":3,"minecraft:shield":145,"minecraft:iron_sword":25,"minecraft:cooked_salmon":10,"minecraft:oak_door":7,"minecraft:torch":119,"securitycraft:reinforced_oak_fence_gate":2,"minecraft:dirt":50,"minecraft:spruce_stairs":56,"minecraft:spruce_fence":14,"minecraft:snowball":5,"minecraft:grass_block":2,"iceandfire:dread_stone":2,"supplementaries:ash":2,"minecraft:furnace":3,"minecraft:cooked_cod":9,"tombstone:gift":3,"minecraft:water_bucket":38,"minecraft:stone_pickaxe":66,"iceandfire:dread_stone_bricks":1,"minecraft:spruce_fence_gate":209,"minecraft:leather_boots":1,"minecraft:oak_slab":164,"minecraft:crafting_table":5,"minecraft:blast_furnace":1,"minecraft:white_bed":9,"iceandfire:dread_stone_face":3,"minecraft:smoker":1,"minecraft:diamond_pickaxe":68,"minecraft:bread":59,"minecraft:iron_pickaxe":45,"minecraft:spruce_sapling":12,"minecraft:stone_axe":7,"minecraft:bucket":39,"iceandfire:silver_shovel":72,"minecraft:bone_meal":38,"iceandfire:dread_stone_bricks_cracked":8},"minecraft:killed":{"earthmobsmod:jumbo_rabbit":1,"born_in_chaos_v1:zombie_lumberjack":1,"minecraft:spider":1,"minecraft:vindicator":6,"luminousworld:frost_bitten_skeleton":2,"iceandfire:dread_beast":13,"enemyexpansion:direwolf":1,"alexsmobs:froststalker":1,"iceandfire:dread_thrall":6,"minecraft:bee":2,"earthmobsmod:fancy_chicken":1,"born_in_chaos_v1:skeleton_thrasher":1,"alexsmobs:tusklin":1,"iceandfire:dread_scuttler":6,"enemyexpansion:sprinter":1,"born_in_chaos_v1:decrepit_skeleton":2,"minecraft:pillager":8,"minecraft:zombie":1,"iceandfire:ghost":4,"alexsmobs:terrapin":1,"mowziesmobs:naga":1},"minecraft:dropped":{"minecraft:iron_ingot":3,"minecraft:bread":34,"minecraft:iron_sword":1,"iceandfire:raw_silver":2,"minecraft:wheat_seeds":67,"minecraft:leather":6,"minecraft:dirt":10,"minecraft:grass":3,"born_in_chaos_v1:river_mint":3,"tombstone:grave_dust":2,"minecraft:sand":1,"minecraft:iron_pickaxe":1,"minecraft:string":3,"iceandfire:dread_shard":1,"iceandfire:dragonbone":10,"minecraft:dandelion":6,"iceandfire:silver_nugget":2,"minecraft:furnace":1,"minecraft:stone_axe":1,"tombstone:gift":1,"minecraft:oak_planks":2,"minecraft:azure_bluet":6,"minecraft:white_bed":1,"minecraft:rabbit_foot":1,"supplementaries:flax_seeds":3,"minecraft:shield":2,"aether:iron_gloves":1,"minecraft:yellow_bed":1,"minecraft:acacia_sapling":4,"minecraft:oak_sapling":2,"minecraft:wooden_pickaxe":2,"minecraft:stone_pickaxe":1},"minecraft:killed_by":{"minecraft:player":3,"iceandfire:dread_beast":18,"iceandfire:dread_scuttler":9,"iceandfire:dread_thrall":7,"iceandfire:dread_knight":6},"minecraft:mined":{"minecraft:white_bed":9,"iceandfire:graveyard_soil":2,"iceandfire:silver_ore":2,"minecraft:oak_door":7,"iceandfire:copper_pile":4,"minecraft:grass_block":82,"luminousworld:grassvariant_2":1,"iceandfire:dread_spawner":1,"luminousworld:snow_poppy":1,"minecraft:hay_block":56,"minecraft:potted_birch_sapling":1,"minecraft:furnace":1,"supplementaries:ash":1,"minecraft:iron_ore":9,"minecraft:snow":5,"iceandfire:gold_pile":6,"minecraft:vine":1,"iceandfire:dread_stone_bricks_cracked":26,"minecraft:stone":35,"minecraft:smoker":1,"minecraft:dandelion":2,"ecologics:thin_ice":2,"minecraft:crafting_table":2,"minecraft:torch":1,"minecraft:poppy":1,"minecraft:campfire":2,"minecraft:tall_grass":2,"minecraft:cobblestone":1,"placeablesmod:bread_full_block":5,"minecraft:wall_torch":1,"minecraft:ice":1,"born_in_chaos_v1:river_mint":1,"minecraft:yellow_bed":1,"minecraft:grass":11,"iceandfire:dread_stone_bricks_mossy":8,"minecraft:oak_log":3,"minecraft:coal_ore":15,"iceandfire:silver_pile":6,"minecraft:sand":2,"minecraft:dirt":20,"luminousworld:grassvariant_3":3,"minecraft:cobweb":1,"minecraft:cracked_stone_bricks":1,"minecraft:stone_bricks":2,"iceandfire:dread_stone_bricks":24,"minecraft:oak_leaves":1},"minecraft:crafted":{"minecraft:oak_planks":20,"minecraft:furnace":1,"minecraft:stone_pickaxe":2,"sophisticatedbackpacks:iron_backpack":3,"minecraft:wheat":499,"minecraft:red_dye":1,"minecraft:cooked_cod":14,"sophisticatedbackpacks:backpack":2,"iceandfire:silver_ingot":2,"minecraft:crafting_table":2,"minecraft:cooked_salmon":18,"sophisticatedbackpacks:gold_backpack":2,"minecraft:stone_axe":1,"minecraft:bread":180,"minecraft:air":0,"minecraft:jungle_planks":8,"minecraft:yellow_dye":1,"minecraft:shield":2,"minecraft:stick":12,"minecraft:iron_ingot":26,"minecraft:gold_ingot":4,"minecraft:iron_leggings":1,"minecraft:torch":20,"iceandfire:silver_sword":1},"minecraft:broken":{"minecraft:iron_leggings":1,"minecraft:chainmail_boots":1,"minecraft:shield":1,"minecraft:chainmail_chestplate":1,"minecraft:leather_boots":1}},"DataVersion":3465}