{"stats":{"minecraft:dropped":{"minecraft:iron_ingot":3,"iceandfire:silver_nugget":2,"minecraft:bread":34,"minecraft:furnace":1,"iceandfire:raw_silver":2,"minecraft:stone_axe":1,"minecraft:wheat_seeds":67,"tombstone:gift":1,"minecraft:oak_planks":2,"minecraft:azure_bluet":6,"minecraft:white_bed":1,"minecraft:rabbit_foot":1,"supplementaries:flax_seeds":3,"minecraft:dirt":9,"minecraft:grass":2,"minecraft:shield":1,"born_in_chaos_v1:river_mint":3,"minecraft:yellow_bed":1,"tombstone:grave_dust":2,"minecraft:stone_pickaxe":1,"minecraft:wooden_pickaxe":2,"minecraft:iron_pickaxe":1,"minecraft:string":3,"minecraft:dandelion":6},"minecraft:broken":{"minecraft:shield":1},"minecraft:killed":{"earthmobsmod:jumbo_rabbit":1,"born_in_chaos_v1:zombie_lumberjack":1,"minecraft:spider":1,"enemyexpansion:sprinter":1,"enemyexpansion:direwolf":1,"born_in_chaos_v1:decrepit_skeleton":2,"minecraft:zombie":1,"iceandfire:ghost":3,"minecraft:bee":2,"alexsmobs:terrapin":1,"earthmobsmod:fancy_chicken":1},"minecraft:killed_by":{"iceandfire:dread_beast":7},"minecraft:custom":{"minecraft:interact_with_furnace":8,"minecraft:mob_kills":17,"minecraft:interact_with_crafting_table":10,"minecraft:open_barrel":3,"minecraft:bell_ring":6,"minecraft:leave_game":1,"minecraft:time_since_death":709,"minecraft:sleep_in_bed":5,"minecraft:climb_one_cm":2903,"minecraft:time_since_rest":1,"minecraft:sprint_one_cm":164555,"minecraft:damage_taken":4062,"minecraft:walk_one_cm":259367,"minecraft:damage_blocked_by_shield":1890,"minecraft:trigger_trapped_chest":2,"minecraft:drop":50,"minecraft:damage_dealt":6053,"minecraft:damage_dealt_absorbed":60,"minecraft:swim_one_cm":76303,"minecraft:talked_to_villager":1,"minecraft:fly_one_cm":333770,"minecraft:open_chest":18,"minecraft:play_time":83282,"minecraft:crouch_one_cm":8716,"tombstone:undead_killed":8,"minecraft:deaths":7,"minecraft:sneak_time":5738,"minecraft:walk_under_water_one_cm":30159,"minecraft:jump":1559,"minecraft:walk_on_water_one_cm":8140,"minecraft:total_world_time":83282,"minecraft:fall_one_cm":47652},"minecraft:crafted":{"minecraft:oak_planks":20,"iceandfire:silver_ingot":2,"minecraft:crafting_table":2,"minecraft:furnace":1,"minecraft:stone_axe":1,"minecraft:bread":180,"minecraft:air":0,"minecraft:jungle_planks":8,"minecraft:shield":2,"minecraft:stick":12,"minecraft:iron_ingot":9,"minecraft:stone_pickaxe":2,"minecraft:iron_leggings":1,"minecraft:torch":20,"iceandfire:silver_sword":1,"minecraft:wheat":499},"minecraft:mined":{"minecraft:white_bed":9,"iceandfire:graveyard_soil":2,"iceandfire:silver_ore":2,"minecraft:oak_door":7,"iceandfire:copper_pile":4,"minecraft:smoker":1,"minecraft:crafting_table":2,"minecraft:grass_block":16,"minecraft:campfire":2,"luminousworld:grassvariant_2":1,"minecraft:tall_grass":2,"minecraft:cobblestone":1,"placeablesmod:bread_full_block":5,"minecraft:hay_block":56,"minecraft:potted_birch_sapling":1,"minecraft:furnace":1,"minecraft:iron_ore":9,"born_in_chaos_v1:river_mint":1,"minecraft:yellow_bed":1,"minecraft:grass":11,"minecraft:coal_ore":15,"minecraft:oak_log":3,"iceandfire:silver_pile":6,"iceandfire:gold_pile":6,"minecraft:vine":1,"minecraft:sand":1,"minecraft:dirt":17,"luminousworld:grassvariant_3":3,"minecraft:cobweb":1,"minecraft:stone":16,"iceandfire:dread_stone_bricks_cracked":11,"minecraft:oak_leaves":1,"iceandfire:dread_stone_bricks":5},"minecraft:used":{"minecraft:water_bucket":23,"iceandfire:silver_sword":133,"minecraft:stone_pickaxe":43,"minecraft:shield":81,"iceandfire:dread_stone_bricks":1,"minecraft:oak_door":7,"minecraft:torch":7,"minecraft:dirt":24,"minecraft:crafting_table":4,"minecraft:white_bed":7,"minecraft:bread":46,"minecraft:iron_pickaxe":24,"minecraft:stone_axe":7,"minecraft:furnace":2,"minecraft:bucket":24,"iceandfire:dread_stone_bricks_cracked":2},"minecraft:picked_up":{"iceandfire:dread_stone_bricks":1,"minecraft:charcoal":4,"minecraft:crafting_table":2,"minecraft:wheat":5,"minecraft:azure_bluet":6,"born_in_chaos_v1:river_mint":3,"minecraft:water_bucket":2,"minecraft:jungle_log":2,"minecraft:wooden_pickaxe":2,"minecraft:smoker":1,"minecraft:oak_log":5,"minecraft:chainmail_chestplate":1,"supplementaries:flax_seeds":3,"iceandfire:dread_stone_bricks_cracked":2,"minecraft:yellow_bed":1,"minecraft:dirt":36,"minecraft:string":3,"tombstone:gift":1,"minecraft:bone":6,"minecraft:wheat_seeds":2,"minecraft:gold_nugget":36,"minecraft:rabbit_hide":3,"minecraft:iron_ingot":1,"minecraft:iron_pickaxe":2,"minecraft:honeycomb":3,"minecraft:furnace":2,"minecraft:raw_iron":9,"iceandfire:copper_nugget":28,"minecraft:oak_door":8,"minecraft:torch":3,"minecraft:dandelion":6,"tombstone:grave_dust":8,"minecraft:white_bed":9,"minecraft:rabbit_foot":1,"minecraft:rotten_flesh":5,"minecraft:hay_block":56,"minecraft:grass":2,"minecraft:bread":5,"minecraft:emerald":1,"minecraft:oak_sapling":2,"minecraft:mutton":8,"iceandfire:silver_nugget":20,"minecraft:coal":25,"iceandfire:raw_silver":4,"minecraft:cobblestone":17}},"DataVersion":3465}