{"stats":{"minecraft:killed":{"earthmobsmod:jumbo_rabbit":1,"born_in_chaos_v1:zombie_lumberjack":1,"minecraft:spider":1,"iceandfire:dread_beast":12,"enemyexpansion:direwolf":1,"iceandfire:dread_thrall":1,"minecraft:bee":2,"earthmobsmod:fancy_chicken":1,"iceandfire:dread_scuttler":2,"enemyexpansion:sprinter":1,"born_in_chaos_v1:decrepit_skeleton":2,"minecraft:zombie":1,"iceandfire:ghost":3,"alexsmobs:terrapin":1},"minecraft:killed_by":{"iceandfire:dread_beast":14,"iceandfire:dread_scuttler":2},"minecraft:mined":{"minecraft:white_bed":9,"iceandfire:graveyard_soil":2,"iceandfire:silver_ore":2,"minecraft:oak_door":7,"iceandfire:copper_pile":4,"minecraft:grass_block":82,"luminousworld:grassvariant_2":1,"iceandfire:dread_spawner":1,"minecraft:hay_block":56,"minecraft:potted_birch_sapling":1,"minecraft:furnace":1,"minecraft:iron_ore":9,"minecraft:snow":5,"iceandfire:gold_pile":6,"minecraft:vine":1,"iceandfire:dread_stone_bricks_cracked":12,"minecraft:stone":35,"minecraft:smoker":1,"minecraft:crafting_table":2,"minecraft:campfire":2,"minecraft:tall_grass":2,"minecraft:cobblestone":1,"placeablesmod:bread_full_block":5,"minecraft:wall_torch":1,"born_in_chaos_v1:river_mint":1,"minecraft:yellow_bed":1,"minecraft:grass":11,"iceandfire:silver_pile":6,"minecraft:oak_log":3,"minecraft:coal_ore":15,"minecraft:sand":2,"minecraft:dirt":20,"luminousworld:grassvariant_3":3,"minecraft:cobweb":1,"iceandfire:dread_stone_bricks":5,"minecraft:oak_leaves":1},"minecraft:used":{"iceandfire:silver_sword":241,"minecraft:flint_and_steel":15,"minecraft:spruce_slab":3,"minecraft:chest":3,"minecraft:shield":87,"minecraft:oak_door":7,"minecraft:torch":44,"minecraft:dirt":34,"minecraft:spruce_stairs":36,"iceandfire:dread_stone":2,"minecraft:furnace":2,"tombstone:gift":1,"minecraft:water_bucket":25,"minecraft:stone_pickaxe":66,"iceandfire:dread_stone_bricks":1,"minecraft:oak_slab":164,"minecraft:crafting_table":4,"minecraft:white_bed":8,"iceandfire:dread_stone_face":1,"minecraft:bread":52,"minecraft:iron_pickaxe":27,"minecraft:spruce_sapling":12,"minecraft:stone_axe":7,"minecraft:bucket":26,"iceandfire:silver_shovel":71,"minecraft:bone_meal":38,"iceandfire:dread_stone_bricks_cracked":5},"minecraft:crafted":{"minecraft:oak_planks":20,"minecraft:furnace":1,"minecraft:stone_pickaxe":2,"minecraft:wheat":499,"iceandfire:silver_ingot":2,"minecraft:crafting_table":2,"minecraft:stone_axe":1,"minecraft:bread":180,"minecraft:air":0,"minecraft:jungle_planks":8,"minecraft:shield":2,"minecraft:stick":12,"minecraft:iron_ingot":9,"minecraft:iron_leggings":1,"minecraft:torch":20,"iceandfire:silver_sword":1},"minecraft:broken":{"minecraft:iron_leggings":1,"minecraft:shield":1,"minecraft:chainmail_chestplate":1},"minecraft:custom":{"minecraft:mob_kills":35,"minecraft:interact_with_crafting_table":10,"minecraft:open_barrel":3,"minecraft:bell_ring":6,"minecraft:leave_game":2,"minecraft:time_since_death":4838,"minecraft:climb_one_cm":2903,"minecraft:sprint_one_cm":194333,"minecraft:walk_one_cm":373815,"minecraft:damage_blocked_by_shield":2160,"minecraft:drop":58,"minecraft:damage_dealt_absorbed":60,"minecraft:talked_to_villager":1,"minecraft:play_time":130346,"minecraft:deaths":16,"minecraft:sneak_time":9418,"minecraft:walk_under_water_one_cm":30338,"minecraft:jump":1863,"minecraft:walk_on_water_one_cm":8539,"minecraft:total_world_time":130346,"minecraft:interact_with_furnace":8,"minecraft:sleep_in_bed":5,"minecraft:time_since_rest":4681,"minecraft:damage_taken":6769,"minecraft:trigger_trapped_chest":2,"minecraft:damage_dealt":11389,"minecraft:swim_one_cm":76303,"minecraft:fly_one_cm":500631,"minecraft:open_chest":39,"minecraft:crouch_one_cm":16999,"tombstone:undead_killed":21,"minecraft:fall_one_cm":51690},"minecraft:picked_up":{"iceandfire:dread_stone_bricks":1,"minecraft:charcoal":4,"minecraft:crafting_table":2,"minecraft:wheat":5,"minecraft:azure_bluet":6,"born_in_chaos_v1:river_mint":3,"minecraft:wooden_pickaxe":2,"minecraft:enchanted_book":1,"minecraft:string":3,"minecraft:gold_nugget":36,"iceandfire:dread_shard":6,"minecraft:iron_pickaxe":2,"minecraft:furnace":2,"minecraft:raw_iron":9,"minecraft:oak_door":8,"minecraft:torch":4,"tombstone:grave_dust":11,"minecraft:rabbit_foot":1,"minecraft:rotten_flesh":9,"minecraft:beetroot_seeds":3,"minecraft:hay_block":56,"minecraft:mutton":8,"minecraft:snowball":5,"minecraft:cobblestone":30,"minecraft:water_bucket":2,"minecraft:jungle_log":2,"minecraft:smoker":1,"minecraft:oak_log":5,"minecraft:chainmail_chestplate":1,"supplementaries:flax_seeds":3,"iceandfire:dread_stone_bricks_cracked":3,"minecraft:yellow_bed":1,"minecraft:dirt":100,"tombstone:gift":2,"minecraft:bone":18,"minecraft:wheat_seeds":2,"minecraft:rabbit_hide":3,"minecraft:iron_ingot":1,"minecraft:iron_sword":2,"minecraft:acacia_sapling":3,"minecraft:honeycomb":3,"iceandfire:copper_nugget":28,"minecraft:dandelion":6,"minecraft:white_bed":9,"minecraft:spider_eye":1,"minecraft:grass":2,"minecraft:emerald":1,"minecraft:bread":5,"minecraft:oak_sapling":2,"iceandfire:silver_nugget":20,"minecraft:coal":25,"iceandfire:raw_silver":4},"minecraft:dropped":{"minecraft:iron_ingot":3,"minecraft:bread":34,"iceandfire:raw_silver":2,"minecraft:wheat_seeds":67,"minecraft:dirt":10,"minecraft:grass":3,"born_in_chaos_v1:river_mint":3,"tombstone:grave_dust":2,"minecraft:sand":1,"minecraft:iron_pickaxe":1,"minecraft:string":3,"minecraft:dandelion":6,"iceandfire:silver_nugget":2,"minecraft:furnace":1,"minecraft:stone_axe":1,"tombstone:gift":1,"minecraft:oak_planks":2,"minecraft:azure_bluet":6,"minecraft:white_bed":1,"minecraft:rabbit_foot":1,"supplementaries:flax_seeds":3,"minecraft:shield":1,"minecraft:yellow_bed":1,"minecraft:acacia_sapling":4,"minecraft:oak_sapling":2,"minecraft:wooden_pickaxe":2,"minecraft:stone_pickaxe":1}},"DataVersion":3465}