{"stats":{"minecraft:custom":{"minecraft:mob_kills":88,"minecraft:interact_with_crafting_table":9,"minecraft:open_barrel":4,"minecraft:interact_with_campfire":1,"minecraft:eat_cake_slice":2,"minecraft:leave_game":5,"minecraft:time_since_death":269,"minecraft:climb_one_cm":3001,"minecraft:sprint_one_cm":290544,"minecraft:walk_one_cm":438186,"minecraft:damage_blocked_by_shield":1185,"minecraft:drop":124,"minecraft:talked_to_villager":4,"minecraft:play_time":152630,"minecraft:deaths":71,"minecraft:sneak_time":9299,"minecraft:walk_under_water_one_cm":27672,"minecraft:jump":1805,"minecraft:walk_on_water_one_cm":19307,"minecraft:total_world_time":152630,"minecraft:interact_with_furnace":1,"minecraft:tune_noteblock":8,"minecraft:sleep_in_bed":6,"minecraft:time_since_rest":51,"minecraft:damage_taken":19524,"minecraft:trigger_trapped_chest":1,"minecraft:damage_dealt":27923,"minecraft:swim_one_cm":112031,"minecraft:fly_one_cm":410644,"minecraft:player_kills":3,"minecraft:open_chest":11,"minecraft:crouch_one_cm":5694,"tombstone:undead_killed":28,"minecraft:interact_with_smoker":1,"minecraft:fall_one_cm":55356},"minecraft:picked_up":{"iceandfire:dread_stone_bricks":2,"luminousworld:groundpebbles_1":1,"minecraft:crafting_table":1,"minecraft:chicken":1,"aether:iron_gloves":1,"ecologics:seashell":1,"minecraft:wooden_pickaxe":2,"minecraft:shield":2,"minecraft:string":8,"minecraft:item_frame":1,"minecraft:iron_shovel":1,"minecraft:experience_bottle":1,"minecraft:bucket":1,"iceandfire:dread_shard":31,"minecraft:player_head":1,"minecraft:iron_pickaxe":2,"minecraft:spruce_slab":3,"ecologics:crab_claw":1,"minecraft:iron_boots":1,"minecraft:furnace":1,"minecraft:stick":1,"minecraft:raw_iron":2,"minecraft:oak_door":5,"ecologics:coconut_slice":2,"iceandfire:dread_sword":1,"minecraft:cookie":10,"tombstone:grave_dust":1,"minecraft:stone_pressure_plate":1,"minecraft:rotten_flesh":14,"minecraft:hay_block":7,"minecraft:carved_pumpkin":2,"tombstone:essence_of_undeath":1,"supplementaries:ash":4,"minecraft:bone_block":1,"minecraft:cobblestone":28,"minecraft:white_wool":2,"minecraft:magma_block":4,"minecraft:glow_ink_sac":3,"minecraft:water_bucket":2,"minecraft:birch_planks":2,"minecraft:oak_log":3,"minecraft:chainmail_chestplate":1,"iceandfire:dread_stone_bricks_cracked":4,"minecraft:yellow_bed":5,"minecraft:dirt":42,"tombstone:gift":2,"minecraft:bone":80,"minecraft:apple":1,"minecraft:wheat_seeds":201,"minecraft:stone_pickaxe":1,"minecraft:iron_ingot":3,"tombstone:bag_of_seeds":1,"minecraft:iron_sword":1,"minecraft:acacia_sapling":1,"minecraft:oak_planks":2,"minecraft:oak_slab":2,"iceandfire:ash":1,"minecraft:dandelion":2,"minecraft:sand":6,"sophisticatedbackpacks:iron_backpack":1,"minecraft:white_bed":3,"minecraft:spruce_log":3,"minecraft:spider_eye":4,"minecraft:iron_hoe":2,"minecraft:stone_axe":1,"iceandfire:silver_sword":4,"minecraft:chainmail_leggings":1,"minecraft:granite":1,"minecraft:bone_meal":1,"minecraft:chainmail_helmet":1,"minecraft:bread":35,"tombstone:magic_scroll":1,"born_in_chaos_v1:rotten_fish":1,"iceandfire:silver_nugget":2,"minecraft:coal":12},"minecraft:used":{"iceandfire:silver_sword":467,"minecraft:carved_pumpkin":2,"minecraft:spruce_slab":6,"minecraft:bone_block":4,"minecraft:shield":36,"minecraft:iron_sword":95,"minecraft:oak_door":4,"minecraft:dirt":23,"minecraft:milk_bucket":1,"minecraft:item_frame":1,"minecraft:magma_block":3,"tombstone:gift":8,"minecraft:stone_pressure_plate":1,"minecraft:water_bucket":4,"minecraft:birch_planks":3,"minecraft:stone_pickaxe":9,"minecraft:wooden_pickaxe":21,"iceandfire:dread_stone_bricks":2,"minecraft:sand":3,"minecraft:crafting_table":3,"minecraft:white_bed":2,"tombstone:bag_of_seeds":1,"minecraft:diamond_pickaxe":2,"minecraft:bread":24,"minecraft:iron_pickaxe":27,"iceandfire:ash":1,"ecologics:coconut_slice":2,"minecraft:stone_axe":83,"born_in_chaos_v1:rotten_fish":1,"minecraft:bucket":5,"minecraft:yellow_bed":5,"alexsmobs:animal_dictionary":1,"minecraft:dandelion":1,"minecraft:experience_bottle":1,"iceandfire:dread_stone_bricks_cracked":1},"minecraft:killed":{"minecraft:spider":1,"iceandfire:dread_beast":8,"enemyexpansion:direwolf":1,"iceandfire:dread_knight":1,"iceandfire:dread_thrall":12,"earthmobsmod:fancy_chicken":1,"ecologics:coconut_crab":1,"born_in_chaos_v1:corpse_fish":3,"iceandfire:dread_scuttler":3,"born_in_chaos_v1:baby_skeleton":1,"minecraft:zombie":6,"minecraft:glow_squid":1},"minecraft:dropped":{"minecraft:water_bucket":2,"minecraft:bread":1,"minecraft:wheat_seeds":201,"minecraft:cookie":5,"minecraft:cobblestone":1,"ecologics:crab_claw":1,"iceandfire:dread_stone_bricks_cracked":4,"minecraft:dirt":17,"tombstone:grave_key":1,"tombstone:grave_dust":5,"minecraft:bone_block":2,"iceandfire:ash":2,"minecraft:sand":3,"minecraft:bucket":1,"minecraft:dandelion":1,"minecraft:bone":45,"minecraft:oak_door":2,"iceandfire:silver_nugget":2,"minecraft:player_head":1,"minecraft:cocoa_beans":3,"minecraft:rotten_flesh":19,"supplementaries:flax_seeds":3,"supplementaries:ash":7,"minecraft:spruce_planks":3,"luminousworld:groundpebbles_1":1,"minecraft:beetroot_seeds":3,"ecologics:coconut_husk":2,"minecraft:acacia_sapling":1,"minecraft:spider_eye":4,"minecraft:spruce_slab":3},"minecraft:killed_by":{"iceandfire:dread_beast":41,"iceandfire:dread_scuttler":16,"iceandfire:dread_thrall":5,"iceandfire:dread_knight":1,"born_in_chaos_v1:corpse_fish":1,"enemyexpansion:direwolf":1,"iceandfire:ghost":1},"minecraft:mined":{"minecraft:white_bed":2,"minecraft:oak_door":3,"minecraft:carved_pumpkin":2,"minecraft:granite":4,"minecraft:grass_block":9,"sophisticatedbackpacks:iron_backpack":1,"luminousworld:groundpebbles_3":1,"minecraft:large_fern":1,"minecraft:hay_block":7,"minecraft:tall_seagrass":1,"minecraft:magma_block":4,"minecraft:furnace":1,"minecraft:iron_ore":4,"minecraft:dirt_path":2,"luminousworld:snowgrass":5,"iceandfire:frost_lily":1,"iceandfire:dread_stone_bricks_cracked":3,"minecraft:stone":21,"minecraft:white_wool":2,"minecraft:oak_slab":2,"minecraft:crafting_table":1,"minecraft:tall_grass":3,"minecraft:cobblestone":1,"minecraft:birch_planks":3,"ecologics:seashell":1,"minecraft:spruce_log":3,"iceandfire:ash":1,"minecraft:yellow_bed":4,"minecraft:grass":17,"minecraft:oak_log":3,"minecraft:coal_ore":14,"minecraft:sand":2,"minecraft:dirt":29,"luminousworld:grassvariant_3":3,"iceandfire:dread_stone_bricks":3},"minecraft:crafted":{"minecraft:oak_door":3,"minecraft:oak_planks":12,"minecraft:stone_shovel":1,"minecraft:spruce_slab":6,"minecraft:wheat":63,"minecraft:crafting_table":2,"minecraft:spruce_planks":12,"minecraft:stone_axe":1,"minecraft:bread":21,"minecraft:string":8,"minecraft:stick":12,"minecraft:torch":4,"iceandfire:silver_sword":2},"minecraft:broken":{"minecraft:chainmail_leggings":1,"iceandfire:silver_sword":1,"minecraft:chainmail_helmet":1,"minecraft:stone_axe":1}},"DataVersion":3465}